{
  "Routes": [
    //"ProductAPI": "https://localhost:44317",
    {
      "DownstreamPathTemplate": "/Outsider.ProdutoAPI/api/Produto",
      "DownstreamScheme": "https",
      "DownstreamHostAndPorts": [
        {
          "Host": "localhost",
          "Port": 44317
        }
      ],
      "UpstreamPathTemplate": "/Outsider.ProdutoAPI/api/Produto",
      "UpstreamHttpMethod": [ "GET" ]
    },
    {
      "DownstreamPathTemplate": "/Outsider.ProdutoAPI/api/Produto/GetAll",
      "DownstreamScheme": "https",
      "DownstreamHostAndPorts": [
        {
          "Host": "localhost",
          "Port": 44317
        }
      ],
      "UpstreamPathTemplate": "/Outsider.ProdutoAPI/api/Produto/GetAll",
      "UpstreamHttpMethod": [ "GET" ],
      "AuthenticationOptions": {
        "AuthenticationProviderKey": "Bearer",
        "AllowedScopes": [ "Outsider", "openid", "profile" ]
      }
    },
    {
      "DownstreamPathTemplate": "/Outsider.ProdutoAPI/api/Produto/{id}",
      "DownstreamScheme": "https",
      "DownstreamHostAndPorts": [
        {
          "Host": "localhost",
          "Port": 44317
        }
      ],
      "UpstreamPathTemplate": "/Outsider.ProdutoAPI/api/Produto/{id}",
      "UpstreamHttpMethod": [ "GET" ],
      "AuthenticationOptions": {
        "AuthenticationProviderKey": "Bearer",
        "AllowedScopes": [ "Outsider", "openid", "profile" ]
      }
    },
    {
      "DownstreamPathTemplate": "/Outsider.ProdutoAPI/api/Produto",
      "DownstreamScheme": "https",
      "DownstreamHostAndPorts": [
        {
          "Host": "localhost",
          "Port": 44317
        }
      ],
      "UpstreamPathTemplate": "/Outsider.ProdutoAPI/api/Produto",
      "UpstreamHttpMethod": [ "POST" ],
      "AuthenticationOptions": {
        "AuthenticationProviderKey": "Bearer",
        "AllowedScopes": [ "Outsider", "openid", "profile" ]
      }
    },
    {
      "DownstreamPathTemplate": "/Outsider.ProdutoAPI/api/Produto/{id}",
      "DownstreamScheme": "https",
      "DownstreamHostAndPorts": [
        {
          "Host": "localhost",
          "Port": 44317
        }
      ],
      "UpstreamPathTemplate": "/Outsider.ProdutoAPI/api/Produto/{id}",
      "UpstreamHttpMethod": [ "PUT" ],
      "AuthenticationOptions": {
        "AuthenticationProviderKey": "Bearer",
        "AllowedScopes": [ "Outsider", "openid", "profile" ]
      }
    },
    {
      "DownstreamPathTemplate": "/Outsider.ProdutoAPI/api/produto/{id}",
      "DownstreamScheme": "https",
      "DownstreamHostAndPorts": [
        {
          "Host": "localhost",
          "Port": 44317
        }
      ],
      "UpstreamPathTemplate": "/Outsider.ProdutoAPI/api/produto/{id}",
      "UpstreamHttpMethod": [ "DELETE" ],
      "AuthenticationOptions": {
        "AuthenticationProviderKey": "Bearer",
        "AllowedScopes": [ "Outsider", "openid", "profile" ]
      }
    },

    //"CartAPI": "https://localhost:44303",
    {
      "DownstreamPathTemplate": "/Outsider.CarrinhoAPI/api/carrinho/GetByUser/{id}",
      "DownstreamScheme": "https",
      "DownstreamHostAndPorts": [
        {
          "Host": "localhost",
          "Port": 44303
        }
      ],
      "UpstreamPathTemplate": "/Outsider.CarrinhoAPI/api/carrinho/GetByUser/{id}",
      "UpstreamHttpMethod": [ "GET" ],
      "AuthenticationOptions": {
        "AuthenticationProviderKey": "Bearer",
        "AllowedScopes": [ "Outsider", "openid", "profile" ]
      }
    },
    {
      "DownstreamPathTemplate": "/Outsider.CarrinhoAPI/api/carrinho",
      "DownstreamScheme": "https",
      "DownstreamHostAndPorts": [
        {
          "Host": "localhost",
          "Port": 44303
        }
      ],
      "UpstreamPathTemplate": "/Outsider.CarrinhoAPI/api/carrinho",
      "UpstreamHttpMethod": [ "POST" ],
      "AuthenticationOptions": {
        "AuthenticationProviderKey": "Bearer",
        "AllowedScopes": [ "Outsider", "openid", "profile" ]
      }
    },
    {
      "DownstreamPathTemplate": "/Outsider.CarrinhoAPI/api/carrinho",
      "DownstreamScheme": "https",
      "DownstreamHostAndPorts": [
        {
          "Host": "localhost",
          "Port": 44303
        }
      ],
      "UpstreamPathTemplate": "/Outsider.CarrinhoAPI/api/carrinho",
      "UpstreamHttpMethod": [ "PUT" ],
      "AuthenticationOptions": {
        "AuthenticationProviderKey": "Bearer",
        "AllowedScopes": [ "Outsider", "openid", "profile" ]
      }
    },
    {
      "DownstreamPathTemplate": "/Outsider.CarrinhoAPI/api/carrinho/{id}",
      "DownstreamScheme": "https",
      "DownstreamHostAndPorts": [
        {
          "Host": "localhost",
          "Port": 44303
        }
      ],
      "UpstreamPathTemplate": "/Outsider.CarrinhoAPI/api/carrinho/{id}",
      "UpstreamHttpMethod": [ "DELETE" ],
      "AuthenticationOptions": {
        "AuthenticationProviderKey": "Bearer",
        "AllowedScopes": [ "Outsider", "openid", "profile" ]
      }
    },
    {
      "DownstreamPathTemplate": "/Outsider.CarrinhoAPI/api/carrinho/AplicarCupom/{usuarioId}/{cupom}",
      "DownstreamScheme": "https",
      "DownstreamHostAndPorts": [
        {
          "Host": "localhost",
          "Port": 44303
        }
      ],
      "UpstreamPathTemplate": "/Outsider.CarrinhoAPI/api/carrinho/AplicarCupom/{usuarioId}/{cupom}",
      "UpstreamHttpMethod": [ "POST" ],
      "AuthenticationOptions": {
        "AuthenticationProviderKey": "Bearer",
        "AllowedScopes": [ "Outsider", "openid", "profile" ]
      }
    },
    {
      "DownstreamPathTemplate": "/Outsider.CarrinhoAPI/api/carrinho/removeCupom/{ususarioId}",
      "DownstreamScheme": "https",
      "DownstreamHostAndPorts": [
        {
          "Host": "localhost",
          "Port": 44303
        }
      ],
      "UpstreamPathTemplate": "/Outsider.CarrinhoAPI/api/carrinho/removeCupom/{ususarioId}",
      "UpstreamHttpMethod": [ "DELETE" ],
      "AuthenticationOptions": {
        "AuthenticationProviderKey": "Bearer",
        "AllowedScopes": [ "Outsider", "openid", "profile" ]
      }
    },
    {
      "DownstreamPathTemplate": "/Outsider.CarrinhoAPI/api/carrinho/Checkout",
      "DownstreamScheme": "https",
      "DownstreamHostAndPorts": [
        {
          "Host": "localhost",
          "Port": 44303
        }
      ],
      "UpstreamPathTemplate": "/Outsider.CarrinhoAPI/api/carrinho/Checkout",
      "UpstreamHttpMethod": [ "POST" ],
      "AuthenticationOptions": {
        "AuthenticationProviderKey": "Bearer",
        "AllowedScopes": [ "Outsider", "openid", "profile" ]
      }
    },

    //"CouponAPI": "https://localhost:44393"
    {
      "DownstreamPathTemplate": "/Outsider.CupomAPI/api/Cupom",
      "DownstreamScheme": "https",
      "DownstreamHostAndPorts": [
        {
          "Host": "localhost",
          "Port": 44393
        }
      ],
      "UpstreamPathTemplate": "/Outsider.CupomAPI/api/Cupom",
      "UpstreamHttpMethod": [ "GET" ],
      "AuthenticationOptions": {
        "AuthenticationProviderKey": "Bearer",
        "AllowedScopes": [ "Outsider", "openid", "profile" ]
      }
    },
    {
      "DownstreamPathTemplate": "/Outsider.CupomAPI/api/cupom/{cupomCodigo}",
      "DownstreamScheme": "https",
      "DownstreamHostAndPorts": [
        {
          "Host": "localhost",
          "Port": 44393
        }
      ],
      "UpstreamPathTemplate": "/Outsider.CupomAPI/api/cupom/{cupomCodigo}",
      "UpstreamHttpMethod": [ "GET" ],
      "AuthenticationOptions": {
        "AuthenticationProviderKey": "Bearer",
        "AllowedScopes": [ "Outsider", "openid", "profile" ]
      }
    },
    {
      "DownstreamPathTemplate": "/Outsider.CupomAPI/api/cupom/{cupomCodigo}",
      "DownstreamScheme": "https",
      "DownstreamHostAndPorts": [
        {
          "Host": "localhost",
          "Port": 44393
        }
      ],
      "UpstreamPathTemplate": "/Outsider.CupomAPI/api/cupom",
      "UpstreamHttpMethod": [ "POST" ],
      "AuthenticationOptions": {
        "AuthenticationProviderKey": "Bearer",
        "AllowedScopes": [ "Outsider", "openid", "profile" ]
      }
    },
    {
      "DownstreamPathTemplate": "/Outsider.CupomAPI/api/cupom/{id}",
      "DownstreamScheme": "https",
      "DownstreamHostAndPorts": [
        {
          "Host": "localhost",
          "Port": 44393
        }
      ],
      "UpstreamPathTemplate": "/Outsider.CupomAPI/api/cupom/{id}",
      "UpstreamHttpMethod": [ "PUT" ],
      "AuthenticationOptions": {
        "AuthenticationProviderKey": "Bearer",
        "AllowedScopes": [ "Outsider", "openid", "profile" ]
      }
    },
    {
      "DownstreamPathTemplate": "/Outsider.CupomAPI/api/cupom/{id}",
      "DownstreamScheme": "https",
      "DownstreamHostAndPorts": [
        {
          "Host": "localhost",
          "Port": 44393
        }
      ],
      "UpstreamPathTemplate": "/Outsider.CupomAPI/api/cupom/{id}",
      "UpstreamHttpMethod": [ "DELETE" ],
      "AuthenticationOptions": {
        "AuthenticationProviderKey": "Bearer",
        "AllowedScopes": [ "Outsider", "openid", "profile" ]
      }
    },
    //"TabelaGeralAPI": "https://localhost:44355",
    {
      "DownstreamPathTemplate": "/Outsider.TabelaGeralAPI/api/TabelaGeral/GetTabelaGeralById/{id}",
      "DownstreamScheme": "https",
      "DownstreamHostAndPorts": [
        {
          "Host": "localhost",
          "Port": 44355
        }
      ],
      "UpstreamPathTemplate": "/Outsider.TabelaGeralAPI/api/TabelaGeral/GetTabelaGeralById/{id}",
      "UpstreamHttpMethod": [ "GET" ]
    },
    {
      "DownstreamPathTemplate": "/Outsider.TabelaGeralAPI/api/TabelaGeral/GetTabelaGeralByNome/{nome}",
      "DownstreamScheme": "https",
      "DownstreamHostAndPorts": [
        {
          "Host": "localhost",
          "Port": 44355
        }
      ],
      "UpstreamPathTemplate": "/Outsider.TabelaGeralAPI/api/TabelaGeral/GetTabelaGeralByNome/{nome}",
      "UpstreamHttpMethod": [ "GET" ],
      "AuthenticationOptions": {
        "AuthenticationProviderKey": "Bearer",
        "AllowedScopes": [ "Outsider", "openid", "profile" ]
      }
    },
    {
      "DownstreamPathTemplate": "/Outsider.TabelaGeralAPI/api/TabelaGeral/AddTabelaGeral",
      "DownstreamScheme": "https",
      "DownstreamHostAndPorts": [
        {
          "Host": "localhost",
          "Port": 44355
        }
      ],
      "UpstreamPathTemplate": "/Outsider.TabelaGeralAPI/api/TabelaGeral/AddTabelaGeral",
      "UpstreamHttpMethod": [ "POST" ],
      "AuthenticationOptions": {
        "AuthenticationProviderKey": "Bearer",
        "AllowedScopes": [ "Outsider", "openid", "profile" ]
      }
    },
    {
      "DownstreamPathTemplate": "/Outsider.TabelaGeralAPI/api/TabelaGeral/UpdateTabelaGeral/{tabelaGeralId}",
      "DownstreamScheme": "https",
      "DownstreamHostAndPorts": [
        {
          "Host": "localhost",
          "Port": 44355
        }
      ],
      "UpstreamPathTemplate": "/Outsider.TabelaGeralAPI/api/TabelaGeral/UpdateTabelaGeral/{tabelaGeralId}",
      "UpstreamHttpMethod": [ "PUT" ],
      "AuthenticationOptions": {
        "AuthenticationProviderKey": "Bearer",
        "AllowedScopes": [ "Outsider", "openid", "profile" ]
      }
    },
    {
      "DownstreamPathTemplate": "/Outsider.TabelaGeralAPI/api/TabelaGeral/DeleteTabelaGeral/{tabelaGeralId}",
      "DownstreamScheme": "https",
      "DownstreamHostAndPorts": [
        {
          "Host": "localhost",
          "Port": 44355
        }
      ],
      "UpstreamPathTemplate": "/Outsider.TabelaGeralAPI/api/TabelaGeral/DeleteTabelaGeral/{tabelaGeralId}",
      "UpstreamHttpMethod": [ "DELETE" ],
      "AuthenticationOptions": {
        "AuthenticationProviderKey": "Bearer",
        "AllowedScopes": [ "Outsider", "openid", "profile" ]
      }
    },
    {
      "DownstreamPathTemplate": "/Outsider.TabelaGeralAPI/api/TabelaGeral/GetTabelaGeralItemById/{id}",
      "DownstreamScheme": "https",
      "DownstreamHostAndPorts": [
        {
          "Host": "localhost",
          "Port": 44355
        }
      ],
      "UpstreamPathTemplate": "/Outsider.TabelaGeralAPI/api/TabelaGeral/GetTabelaGeralItemById/{id}",
      "UpstreamHttpMethod": [ "GET" ]
    },
    {
      "DownstreamPathTemplate": "/Outsider.TabelaGeralAPI/api/TabelaGeral/GetTabelasGeraisItems?tabelaGeralId={id}",
      "DownstreamScheme": "https",
      "DownstreamHostAndPorts": [
        {
          "Host": "localhost",
          "Port": 44355
        }
      ],
      "UpstreamPathTemplate": "/Outsider.TabelaGeralAPI/api/TabelaGeral/GetTabelasGeraisItems?tabelaGeralId={id}",
      "UpstreamHttpMethod": [ "GET" ],
      "AuthenticationOptions": {
        "AuthenticationProviderKey": "Bearer",
        "AllowedScopes": [ "Outsider", "openid", "profile" ]
      }
    },
    {
      "DownstreamPathTemplate": "/Outsider.TabelaGeralAPI/api/TabelaGeral/AddTabelaGeralItem",
      "DownstreamScheme": "https",
      "DownstreamHostAndPorts": [
        {
          "Host": "localhost",
          "Port": 44355
        }
      ],
      "UpstreamPathTemplate": "/Outsider.TabelaGeralAPI/api/TabelaGeral/AddTabelaGeralItem",
      "UpstreamHttpMethod": [ "POST" ],
      "AuthenticationOptions": {
        "AuthenticationProviderKey": "Bearer",
        "AllowedScopes": [ "Outsider", "openid", "profile" ]
      }
    },
    {
      "DownstreamPathTemplate": "/Outsider.TabelaGeralAPI/api/TabelaGeral/UpdateTabelaGeralItem/{tabelaGeralItemId}",
      "DownstreamScheme": "https",
      "DownstreamHostAndPorts": [
        {
          "Host": "localhost",
          "Port": 44355
        }
      ],
      "UpstreamPathTemplate": "/Outsider.TabelaGeralAPI/api/TabelaGeral/UpdateTabelaGeralItem/{tabelaGeralItemId}",
      "UpstreamHttpMethod": [ "PUT" ],
      "AuthenticationOptions": {
        "AuthenticationProviderKey": "Bearer",
        "AllowedScopes": [ "Outsider", "openid", "profile" ]
      }
    },
    {
      "DownstreamPathTemplate": "/Outsider.TabelaGeralAPI/api/TabelaGeral/DeleteTabelaGeralItem/{tabelaGeralItemId}",
      "DownstreamScheme": "https",
      "DownstreamHostAndPorts": [
        {
          "Host": "localhost",
          "Port": 44355
        }
      ],
      "UpstreamPathTemplate": "/Outsider.TabelaGeralAPI/api/TabelaGeral/DeleteTabelaGeralItem/{tabelaGeralItemId}",
      "UpstreamHttpMethod": [ "DELETE" ],
      "AuthenticationOptions": {
        "AuthenticationProviderKey": "Bearer",
        "AllowedScopes": [ "Outsider", "openid", "profile" ]
      }
    },
    //"EndereçoAPI": "https://localhost:44376",
    {
      "DownstreamPathTemplate": "/Outsider.EnderecoAPI/api/Endereco/{usuarioId}",
      "DownstreamScheme": "https",
      "DownstreamHostAndPorts": [
        {
          "Host": "localhost",
          "Port": 44376
        }
      ],
      "UpstreamPathTemplate": "/Outsider.EnderecoAPI/api/Endereco/{usuarioId}",
      "UpstreamHttpMethod": [ "GET" ],
      "AuthenticationOptions": {
        "AuthenticationProviderKey": "Bearer",
        "AllowedScopes": [ "Outsider", "openid", "profile" ]
      }
    },
    {
      "DownstreamPathTemplate": "/Outsider.EnderecoAPI/api/Endereco/GetById/{id}",
      "DownstreamScheme": "https",
      "DownstreamHostAndPorts": [
        {
          "Host": "localhost",
          "Port": 44376
        }
      ],
      "UpstreamPathTemplate": "/Outsider.EnderecoAPI/api/Endereco/GetById/{id}",
      "UpstreamHttpMethod": [ "GET" ],
      "AuthenticationOptions": {
        "AuthenticationProviderKey": "Bearer",
        "AllowedScopes": [ "Outsider", "openid", "profile" ]
      }
    },
    {
      "DownstreamPathTemplate": "/Outsider.EnderecoAPI/api/Endereco",
      "DownstreamScheme": "https",
      "DownstreamHostAndPorts": [
        {
          "Host": "localhost",
          "Port": 44376
        }
      ],
      "UpstreamPathTemplate": "/Outsider.EnderecoAPI/api/Endereco/",
      "UpstreamHttpMethod": [ "POST" ],
      "AuthenticationOptions": {
        "AuthenticationProviderKey": "Bearer",
        "AllowedScopes": [ "Outsider", "openid", "profile" ]
      }
    },
    {
      "DownstreamPathTemplate": "/Outsider.EnderecoAPI/api/Endereco/{id}",
      "DownstreamScheme": "https",
      "DownstreamHostAndPorts": [
        {
          "Host": "localhost",
          "Port": 44376
        }
      ],
      "UpstreamPathTemplate": "/Outsider.EnderecoAPI/api/Endereco/{id}",
      "UpstreamHttpMethod": [ "PUT" ],
      "AuthenticationOptions": {
        "AuthenticationProviderKey": "Bearer",
        "AllowedScopes": [ "Outsider", "openid", "profile" ]
      }
    },
    {
      "DownstreamPathTemplate": "/Outsider.EnderecoAPI/api/Endereco/{id}",
      "DownstreamScheme": "https",
      "DownstreamHostAndPorts": [
        {
          "Host": "localhost",
          "Port": 44376
        }
      ],
      "UpstreamPathTemplate": "/Outsider.EnderecoAPI/api/Endereco/{id}",
      "UpstreamHttpMethod": [ "DELETE" ],
      "AuthenticationOptions": {
        "AuthenticationProviderKey": "Bearer",
        "AllowedScopes": [ "Outsider", "openid", "profile" ]
      }
    },
    //"PagamentoAPI": "https://localhost:44338",
    {
      "DownstreamPathTemplate": "/Outsider.PagamentoAPI/api/Pagamento/{carrinhoId}",
      "DownstreamScheme": "https",
      "DownstreamHostAndPorts": [
        {
          "Host": "localhost",
          "Port": 44338
        }
      ],
      "UpstreamPathTemplate": "/Outsider.PagamentoAPI/api/Pagamento/{carrinhoId}",
      "UpstreamHttpMethod": [ "GET" ],
      "AuthenticationOptions": {
        "AuthenticationProviderKey": "Bearer",
        "AllowedScopes": [ "Outsider", "openid", "profile" ]
      }
    },
    {
      "DownstreamPathTemplate": "/Outsider.PagamentoAPI/api/Pagamento/{carrinhoId}",
      "DownstreamScheme": "https",
      "DownstreamHostAndPorts": [
        {
          "Host": "localhost",
          "Port": 44338
        }
      ],
      "UpstreamPathTemplate": "/Outsider.PagamentoAPI/api/Pagamento/{carrinhoId}",
      "UpstreamHttpMethod": [ "POST" ],
      "AuthenticationOptions": {
        "AuthenticationProviderKey": "Bearer",
        "AllowedScopes": [ "Outsider", "openid", "profile" ]
      }
    },
    //"PedidoAPI": "https://localhost:44359",
    {
      "DownstreamPathTemplate": "/Outsider.PedidoAPI/api/Pedido/{usuarioId}",
      "DownstreamScheme": "https",
      "DownstreamHostAndPorts": [
        {
          "Host": "localhost",
          "Port": 44359
        }
      ],
      "UpstreamPathTemplate": "/Outsider.PedidoAPI/api/Pedido/{usuarioId}",
      "UpstreamHttpMethod": [ "GET" ],
      "AuthenticationOptions": {
        "AuthenticationProviderKey": "Bearer",
        "AllowedScopes": [ "Outsider", "openid", "profile" ]
      }
    }
  ],
  "GlobalConfiguration": {
    "BaseUrl": "https://localhost:45999"
  }
}
